{"name":"MakeAppointment","identifier":"0ATWPOYM0U","description":"Intención de agendar una cita con el dentista","parentIntentSignature":null,"sampleUtterances":[{"utterance":"Me gustaría agendar una cita"},{"utterance":"Agendar una cita"},{"utterance":"Agendar una cita para {AppointmentType}"}],"intentConfirmationSetting":{"isActive":true,"declinationResponse":{"allowInterrupt":true,"messageGroupsList":[{"message":{"imageResponseCard":null,"ssmlMessage":null,"customPayload":null,"plainTextMessage":{"value":"Bien, no voy a programar la cita."}},"variations":null}]},"promptSpecification":{"allowInterrupt":true,"messageGroupsList":[{"message":{"imageResponseCard":null,"ssmlMessage":null,"customPayload":null,"plainTextMessage":{"value":"La hora {Time} está disponible, ¿quiere que confirme su cita?"}},"variations":null}],"maxRetries":2,"messageSelectionStrategy":"Random"}},"intentClosingSetting":null,"inputContexts":null,"outputContexts":null,"kendraConfiguration":null,"dialogCodeHook":{"enabled":true},"fulfillmentCodeHook":null,"slotPriorities":[{"priority":2,"slotName":"Date"},{"priority":1,"slotName":"AppointmentType"},{"priority":3,"slotName":"Time"}]}