{"name":"Menu2","identifier":"A7QXLD1HGG","description":null,"slotTypeName":"MenuOptionTypes","obfuscationSetting":null,"valueElicitationSetting":{"slotCaptureSetting":{"captureResponse":null,"captureNextStep":{"dialogAction":{"type":"EvaluateConditional","slotToElicit":null,"suppressNextMessage":null},"intent":{"name":null,"slots":null},"sessionAttributes":null},"captureConditional":{"isActive":true,"conditionalBranches":[{"name":"Branch1","response":{"allowInterrupt":true,"messageGroupsList":[{"message":{"imageResponseCard":null,"ssmlMessage":null,"customPayload":null,"plainTextMessage":{"value":"Dijo 3"}},"variations":null}]},"condition":{"expressionString":"({Menu2} = \"3\") || ({Menu2} = \"tres\")"},"nextStep":{"dialogAction":{"type":"StartIntent","slotToElicit":null,"suppressNextMessage":null},"intent":{"name":"DatosIndicador","slots":{"IndicadorName":{"value":{"interpretedValue":"IPC"},"values":null,"shape":null}}},"sessionAttributes":null}},{"name":"Branch2","response":{"allowInterrupt":true,"messageGroupsList":[{"message":{"imageResponseCard":null,"ssmlMessage":null,"customPayload":null,"plainTextMessage":{"value":"dijo 2"}},"variations":null}]},"condition":{"expressionString":"({Menu2} = \"1\") || ({Menu2} = \"uno\")"},"nextStep":{"dialogAction":{"type":"StartIntent","slotToElicit":null,"suppressNextMessage":null},"intent":{"name":"DatosIndicador","slots":{"IndicadorName":{"value":{"interpretedValue":"UTM"},"values":null,"shape":null}}},"sessionAttributes":null}},{"name":"Branch3","response":null,"condition":{"expressionString":"({Menu2}=\"2\")|| ({Menu2}=\"dos\")"},"nextStep":{"dialogAction":{"type":"StartIntent","slotToElicit":null,"suppressNextMessage":null},"intent":{"name":"DatosIndicador","slots":{"IndicadorName":{"value":{"interpretedValue":"IMACEC"},"values":null,"shape":null}}},"sessionAttributes":null}}],"defaultBranch":{"response":null,"nextStep":{"dialogAction":{"type":"EndConversation","slotToElicit":null,"suppressNextMessage":null},"intent":{"name":null,"slots":null},"sessionAttributes":null}}},"failureResponse":null,"failureNextStep":{"dialogAction":{"type":"StartIntent","slotToElicit":null,"suppressNextMessage":null},"intent":{"name":"FallbackIntent","slots":null},"sessionAttributes":null},"failureConditional":null,"elicitationCodeHook":{"invocationLabel":null,"enableCodeHookInvocation":false},"codeHook":null},"promptSpecification":{"allowInterrupt":true,"messageGroupsList":[{"message":{"imageResponseCard":null,"ssmlMessage":null,"customPayload":null,"plainTextMessage":{"value":"Hola, soy Kopito, el de los otros indicadores. Elije:\\n1.  Valor UTM \\n2. Valor IMACEC \\n3. Valor IPC"}},"variations":null}],"maxRetries":4,"messageSelectionStrategy":"Random"},"slotConstraint":"Required","defaultValueSpecification":null,"sampleUtterances":null,"waitAndContinueSpecification":null},"multipleValuesSetting":null}