{"name":"Menu","identifier":"CMDUZI34VW","description":null,"slotTypeName":"MenuOptionTypes","obfuscationSetting":null,"valueElicitationSetting":{"slotCaptureSetting":{"captureResponse":null,"captureNextStep":{"dialogAction":{"type":"EvaluateConditional","slotToElicit":null,"suppressNextMessage":null},"intent":{"name":null,"slots":null},"sessionAttributes":null},"captureConditional":{"isActive":true,"defaultBranch":{"response":null,"nextStep":{"dialogAction":{"type":"EndConversation","slotToElicit":null,"suppressNextMessage":null},"intent":{"name":null,"slots":null},"sessionAttributes":null}},"conditionalBranches":[{"name":"Branch1","response":{"allowInterrupt":true,"messageGroupsList":[{"message":{"imageResponseCard":null,"ssmlMessage":null,"customPayload":null,"plainTextMessage":{"value":"Dijo 1"}},"variations":null}]},"condition":{"expressionString":"({Menu} = \"1\") || ({Menu} = \"uno\")"},"nextStep":{"dialogAction":{"type":"StartIntent","slotToElicit":null,"suppressNextMessage":false},"intent":{"name":"DatosIndicador","slots":{"IndicadorName":{"value":{"interpretedValue":"Dolar"},"values":null,"shape":null}}},"sessionAttributes":null}},{"name":"Branch2","response":null,"condition":{"expressionString":"({Menu} = \"2\") || ({Menu} = \"dos\")"},"nextStep":{"dialogAction":{"type":"StartIntent","slotToElicit":null,"suppressNextMessage":null},"intent":{"name":"DatosIndicador","slots":{"IndicadorName":{"value":{"interpretedValue":"UF"},"values":null,"shape":null}}},"sessionAttributes":null}},{"name":"Branch3","response":{"allowInterrupt":true,"messageGroupsList":[{"message":{"imageResponseCard":null,"ssmlMessage":null,"customPayload":null,"plainTextMessage":{"value":"Dijo 3"}},"variations":null}]},"condition":{"expressionString":"({Menu} = \"3\") || ({Menu} = \"tres\")"},"nextStep":{"dialogAction":{"type":"StartIntent","slotToElicit":null,"suppressNextMessage":null},"intent":{"name":"OtrosIndicadoresIntent","slots":null},"sessionAttributes":null}}]},"failureResponse":null,"failureNextStep":{"dialogAction":{"type":"StartIntent","slotToElicit":null,"suppressNextMessage":null},"intent":{"name":"FallbackIntent","slots":null},"sessionAttributes":null},"failureConditional":null,"elicitationCodeHook":{"enableCodeHookInvocation":true,"invocationLabel":null},"codeHook":null},"promptSpecification":{"allowInterrupt":true,"messageGroupsList":[{"message":{"imageResponseCard":null,"ssmlMessage":null,"customPayload":null,"plainTextMessage":{"value":"copito: 1, 2 o 3?"}},"variations":null}],"maxRetries":4,"messageSelectionStrategy":"Random"},"slotConstraint":"Required","defaultValueSpecification":null,"sampleUtterances":null,"waitAndContinueSpecification":null},"multipleValuesSetting":null}