{"name":"FallbackIntent","identifier":"HJVDEKC6VN","description":"Intención predeterminada cuando no coincide ninguna otra intención","parentIntentSignature":"AMAZON.FallbackIntent","sampleUtterances":null,"intentConfirmationSetting":null,"intentClosingSetting":null,"initialResponseSetting":{"initialResponse":null,"conditional":null,"codeHook":{"isActive":true,"invocationLabel":null,"enableCodeHookInvocation":true,"postCodeHookSpecification":{"failureResponse":null,"failureNextStep":{"dialogAction":{"type":"EndConversation","slotToElicit":null,"suppressNextMessage":null},"intent":null,"sessionAttributes":null},"failureConditional":null,"successResponse":null,"successNextStep":{"dialogAction":{"type":"EndConversation","slotToElicit":null,"suppressNextMessage":null},"intent":null,"sessionAttributes":null},"successConditional":null,"timeoutResponse":null,"timeoutNextStep":{"dialogAction":{"type":"EndConversation","slotToElicit":null,"suppressNextMessage":null},"intent":null,"sessionAttributes":null},"timeoutConditional":null}},"nextStep":{"dialogAction":{"type":"InvokeDialogCodeHook","slotToElicit":null,"suppressNextMessage":null},"intent":null,"sessionAttributes":null}},"inputContexts":null,"outputContexts":null,"kendraConfiguration":null,"dialogCodeHook":null,"fulfillmentCodeHook":null,"slotPriorities":[]}