{"name":"SaludoIntent","identifier":"MODKBVU8EH","description":null,"parentIntentSignature":null,"sampleUtterances":[{"utterance":"hi"},{"utterance":"hola"},{"utterance":"que tal"},{"utterance":"ayuda"}],"intentConfirmationSetting":null,"intentClosingSetting":null,"initialResponseSetting":{"initialResponse":null,"conditional":null,"codeHook":{"isActive":true,"invocationLabel":null,"enableCodeHookInvocation":true,"postCodeHookSpecification":{"failureResponse":null,"failureNextStep":{"dialogAction":{"type":"EndConversation","slotToElicit":null,"suppressNextMessage":null},"intent":null,"sessionAttributes":null},"failureConditional":null,"successResponse":null,"successNextStep":{"dialogAction":{"type":"ElicitSlot","slotToElicit":"Menu","suppressNextMessage":null},"intent":null,"sessionAttributes":null},"successConditional":null,"timeoutResponse":null,"timeoutNextStep":{"dialogAction":{"type":"EndConversation","slotToElicit":null,"suppressNextMessage":null},"intent":null,"sessionAttributes":null},"timeoutConditional":null}},"nextStep":{"dialogAction":{"type":"ElicitSlot","slotToElicit":"Menu","suppressNextMessage":null},"intent":{"name":null,"slots":null},"sessionAttributes":null}},"inputContexts":null,"outputContexts":null,"kendraConfiguration":null,"dialogCodeHook":{"enabled":false},"fulfillmentCodeHook":null,"slotPriorities":[{"priority":1,"slotName":"Menu"}]}