{"name":"OtrosIndicadoresIntent","identifier":"ELQLJMCWGG","description":null,"parentIntentSignature":null,"sampleUtterances":null,"intentConfirmationSetting":null,"intentClosingSetting":null,"initialResponseSetting":{"initialResponse":null,"conditional":null,"codeHook":{"isActive":true,"invocationLabel":null,"enableCodeHookInvocation":true,"postCodeHookSpecification":{"failureResponse":null,"failureNextStep":{"dialogAction":{"type":"EndConversation","slotToElicit":null,"suppressNextMessage":null},"intent":null,"sessionAttributes":null},"failureConditional":null,"successResponse":null,"successNextStep":{"dialogAction":{"type":"ElicitSlot","slotToElicit":"Menu2","suppressNextMessage":null},"intent":null,"sessionAttributes":null},"successConditional":null,"timeoutResponse":null,"timeoutNextStep":{"dialogAction":{"type":"EndConversation","slotToElicit":null,"suppressNextMessage":null},"intent":null,"sessionAttributes":null},"timeoutConditional":null}},"nextStep":{"dialogAction":{"type":"ElicitSlot","slotToElicit":"Menu2","suppressNextMessage":null},"intent":{"name":null,"slots":null},"sessionAttributes":null}},"inputContexts":null,"outputContexts":null,"kendraConfiguration":null,"dialogCodeHook":null,"fulfillmentCodeHook":null,"slotPriorities":[{"priority":1,"slotName":"Menu2"}]}