{"name":"Time","identifier":"MPOCGAMN6Q","description":"La hora de la cita a programar","slotTypeName":"AMAZON.Time","obfuscationSetting":null,"valueElicitationSetting":{"promptSpecification":{"allowInterrupt":true,"messageGroupsList":[{"message":{"imageResponseCard":null,"ssmlMessage":null,"customPayload":null,"plainTextMessage":{"value":"¿Para qué hora quiere programar la cita?"}},"variations":null}],"maxRetries":2,"messageSelectionStrategy":"Random"},"slotConstraint":"Required","defaultValueSpecification":null,"sampleUtterances":null,"waitAndContinueSpecification":null},"multipleValuesSetting":null}