{"name":"DatosIndicador","identifier":"2W8A6S916V","description":null,"parentIntentSignature":null,"sampleUtterances":[{"utterance":"Valor {IndicadorName}"},{"utterance":"Valor del {IndicadorName} "}],"intentConfirmationSetting":null,"intentClosingSetting":null,"initialResponseSetting":{"initialResponse":null,"conditional":null,"codeHook":{"isActive":true,"postCodeHookSpecification":{"successConditional":null,"timeoutNextStep":{"dialogAction":{"type":"EndConversation","slotToElicit":null,"suppressNextMessage":null},"intent":null,"sessionAttributes":null},"timeoutConditional":null,"successResponse":null,"successNextStep":{"dialogAction":{"type":"ElicitSlot","slotToElicit":"IndicadorName","suppressNextMessage":null},"intent":null,"sessionAttributes":null},"timeoutResponse":null,"failureResponse":null,"failureNextStep":{"dialogAction":{"type":"EndConversation","slotToElicit":null,"suppressNextMessage":null},"intent":null,"sessionAttributes":null},"failureConditional":null},"enableCodeHookInvocation":true,"invocationLabel":null},"nextStep":{"dialogAction":{"type":"ElicitSlot","slotToElicit":"IndicadorName","suppressNextMessage":null},"intent":{"name":null,"slots":null},"sessionAttributes":null}},"inputContexts":null,"outputContexts":null,"kendraConfiguration":null,"dialogCodeHook":{"enabled":true},"fulfillmentCodeHook":{"isActive":true,"fulfillmentUpdatesSpecification":null,"postFulfillmentStatusSpecification":{"timeoutNextStep":{"dialogAction":{"type":"EndConversation","slotToElicit":null,"suppressNextMessage":null},"intent":{"name":null,"slots":null},"sessionAttributes":null},"successResponse":null,"successNextStep":{"dialogAction":{"type":"EndConversation","slotToElicit":null,"suppressNextMessage":null},"intent":{"name":null,"slots":null},"sessionAttributes":null},"timeoutResponse":null,"failureResponse":null,"failureNextStep":{"dialogAction":{"type":"EndConversation","slotToElicit":null,"suppressNextMessage":null},"intent":{"name":null,"slots":null},"sessionAttributes":null}},"enabled":true},"slotPriorities":[{"priority":1,"slotName":"IndicadorName"},{"priority":3,"slotName":"Fecha"},{"priority":2,"slotName":"Rut"}]}