{"name":"AppointmentType","identifier":"7GWIN2T9K1","description":"El tipo de cita a programar","slotTypeName":"AppointmentTypeValue","obfuscationSetting":null,"valueElicitationSetting":{"promptSpecification":{"allowInterrupt":true,"messageGroupsList":[{"message":{"imageResponseCard":null,"ssmlMessage":null,"customPayload":null,"plainTextMessage":{"value":"¿Qué tipo de cita le gustaría programar?"}},"variations":null}],"maxRetries":2,"messageSelectionStrategy":"Random"},"slotConstraint":"Required","defaultValueSpecification":null,"sampleUtterances":null,"waitAndContinueSpecification":null},"multipleValuesSetting":null}